Name,Price
Mouse Gamer Logitech G203 Lightsync Edicion Blue Color Azul,7.300
Mouse Gamer Logitech G203 Lightsync Rgb 8000dpi 6 Botones,7.590
Mouse De Juego Logitech G203 Blue G Series Gamer Rgb,7.999
Mouse Logitech Gaming G203 Lightsync Negro,8.745
Mouse Logitech Gaming G203 Lightsync Negro,8.745
Mouse Logitech G  G203 Lightsync Gaming,8.999
Mouse De Juego Logitech/g Series/lightsync G203 (azul),8.999
Mouse Logitech G203 Rgb Lightsync 8000dpi Gamer,8.999
Mouse De Juego Logitech G Series Lightsync G203 Blue,9.598
Mouse Gamer Logitech G203 Lightsync Rgb 8000dpi Negro,9.688
Mouse Gamer Logitech G203 Lightsync Rgb Gaming Negro,9.699
Mouse Gamer Logitech G203 Rgb Blanco 8000 Dpi Usb,9.849
Mouse  Logitech Gamer G203 Lightsync Rgb Negro 8000 Dpi,9.968
Mouse De Juego Logitech  G Series Lightsync G203 Azul Gamer,9.999
Mouse Gamer Logitech G Series Lightsync G203,10.100
Mouse Gamer Logitech G203 Rgb Lightsync 8000 Dpi Usb Pc Ps4,10.256
Mouse Logitech G203 Rgb Lightsync Gamer 8000 Dpi Usb Lilac,10.256
Mouse De Juego Logitech G203 Lightsync Blanco Simmcye,10.371
Mouse Logitech G203 Gaming Lightsync White,10.610
Mouse De Juego Gamer Logitech G Series Lightsync G203 Azul,10.799
Mouse Gamer Logitech  G Series Lightsync G203,10.800
Mouse Gamer Logitech G203 Azul,10.900
Mouse Gamer Logitech G203 Negro,10.900
Mouse De Juego Logitech G Series Lightsync G203,11.460
Mouse Gamer Logitech Lightsync G203 Usb Rgb 8000 Dpi 1ms,11.500
Mouse Gamer Logitech Lightsync G203 Usb Rgb 8000 Dpi 1ms,11.500
Mouse Logitech G203 Lightsync Rgb 8000dpi Gamer - Blanco,11.599
Mouse Gamer Logitech G203 Lightsync Rgb Blanco,11.779
Mouse Gamer Logitech G203/5794 Rgb Lightsync 6 Botones,11.779
Mouse Logitech Gamer G203 Gaming Lightsync Rgb Almagro,11.999
Mouse Gamer Logitech G203 Lila Lightsync 8000 Dpi 6 Botones,12.649
Mouse Pc Gamer Logitech G203 Lightsync Rgb 8000 Dpi White !!,12.699
Mouse De Juego Logitech  G Series Lightsync G203 Azul,12.754
Mouse De Juego Logitech  G Series Lightsync G203 Lila,12.754
Mouse De Juego Logitech  G Series Lightsync G203 Blanco,12.754
Mouse Con Cable Logitech G203 Gaming Rgb Lightsync Azul,13.055
Mouse Con Cable Logitech G203 Gaming Rgb Lightsync Blanco,13.056
Mouse Con Cable Logitech G203 Gaming Rgb Lightsync Lila,13.126
Mouse Logitech Gaming G203 Lightsync Azul,13.243
Mouse De Juego Logitech  G Series Lightsync G203 Negro,13.243
Mouse Logitech G203 Lightsync Rgb Blanco Gamer,13.499
Mouse Gamer Logitech Lightsync G203 Rgb 8000 Dpi 1ms Usb,14.167
Mouse Gamer Logitech Lightsync G203 Rgb 8000 Dpi 1ms Usb,14.167
Mouse Logitech Gaming G203 Negro,14.500
Mouse Logitech Gaming G203,14.500
Mouse De Juego Logitech G Series Lightsync G203 Lilac Usb,14.987
Mouse Logitech G203 Gaming Lightsync Black,15.671
Mouse Con Cable Logitech G203 Gaming Rgb Lightsync Azul,16.359
Mouse Con Cable Logitech G203 Gaming Rgb Lightsync Blanco,16.360
Mouse Con Cable Logitech G203 Gaming Rgb Lightsync Lila,16.444
